Workbook

Sheet Calculateur
A1: 🍼 Calculateur de siestes et coucher
A2: Saisis uniquement les cases jaunes. Tout le reste se calcule automatiquement.
A4: 👶 Profil de l'enfant
A5: Âge en mois | B5: 6
A6: Heure de réveil souhaitée le matin | B6: 0.29166667
A8: 📊 Recommandations pour cet âge
A9: Tranche d'âge correspondante | B9: =INDEX(Paramètres!A2:A9, MATCH(B5, Paramètres!B2:B9, 1))
A10: Nombre de siestes recommandé | B10: =VLOOKUP(B5, Paramètres!B2:H9, 3, TRUE)
A11: Fenêtre d'éveil entre siestes (min) | B11: =VLOOKUP(B5, Paramètres!B2:H9, 4, TRUE)
A12: Fenêtre d'éveil avant coucher (min) | B12: =VLOOKUP(B5, Paramètres!B2:H9, 5, TRUE)
A13: Sommeil de nuit recommandé (h) | B13: =VLOOKUP(B5, Paramètres!B2:H9, 6, TRUE)
A14: ⭐ Coucher idéal (pour réveil souhaité) | B14: =MOD(B6 - B13/24, 1)
A16: 🗓️ Plan de la journée
A17: Réveil ce matin
A18: 💤 Sieste 1 suggérée vers | B18: =MOD(B17 + B11/1440, 1)
A19: → Fin réelle sieste 1
A20: 💤 Sieste 2 suggérée vers | B20: =IF(ISBLANK(B19),"",MOD(B19 + B11/1440, 1))
A21: → Fin réelle sieste 2
A22: 💤 Sieste 3 suggérée vers | B22: =IF(ISBLANK(B21),"",MOD(B21 + B11/1440, 1))
A23: → Fin réelle sieste 3
A24: 💤 Sieste 4 suggérée vers (jeunes bébés) | B24: =IF(ISBLANK(B23),"",MOD(B23 + B11/1440, 1))
A25: → Fin réelle sieste 4
A27: ⭐ Coucher suggéré ce soir | B27: =IF(AND(ISBLANK(B19),ISBLANK(B21),ISBLANK(B23),ISBLANK(B25)),B14,MOD(MAX(B17,B19,B21,B23,B25) + B12/1440, 1))
A28: 🛏️ Coucher effectif (à remplir le soir)
A29: Écart vs coucher idéal | B29: =IF(ISBLANK(B28), ROUND((B27-B14)*1440,0), ROUND((B28-B14)*1440,0))
A30: 💾 Enregistrer la journée → cocher la case | B30: FALSE
A32: ⚙️ Configuration initiale (une fois)
A33: 1. Insertion → Case à cocher sur B30 (la cellule orange à droite).
A34: 2. Extensions → Apps Script → coller le contenu de enregistrer_jour.gs → Enregistrer.
A35: 3. Tester : remplir B17 (réveil), cocher B30 → la journée part dans l'Historique.
A36: 4. Compatible mobile : ouvrir le fichier dans l'app Google Sheets et cocher B30 depuis ton tél.
A38: 💡 Rappels
A39: • Surveiller les signes de fatigue plutôt que l'horloge stricte.
A40: • Dernière sieste ≥ 2h-3h avant le coucher.
A41: • Bébé surfatigué = plus dur à endormir, mieux vaut coucher trop tôt.
A42: • Régularité > précision : viser le créneau, pas la minute exacte.
A43: • Si coucher suggéré très en retard sur l'idéal, raccourcir la dernière sieste demain.

Sheet Historique
A4: 📈 Synthèse (sur les 100 jours du tableau)
A5: Heure moyenne de réveil | C5: =IFERROR(AVERAGE(B11:B110),"")
A6: Heure moyenne de coucher | C6: =IFERROR(AVERAGE(G11:G110),"")
A7: Durée moyenne de nuit | C7: =IFERROR(AVERAGE(I11:I110),"")
A8: Nombre moyen de siestes/jour | C8: =IFERROR(AVERAGE(H11:H110),"")
A9: Nombre de jours enregistrés | C9: =COUNT(A11:A110)
A10: Date | B10: Réveil | C10: Fin sieste 1 | D10: Fin sieste 2 | E10: Fin sieste 3 | F10: Fin sieste 4 | G10: Coucher | H10: Nb siestes | I10: Durée nuit préc. | J10: Notes
H11: =IF(ISBLANK(A11),"",COUNT(C11:F11)) | I11: =IF(AND(ISNUMBER(B11),ISNUMBER(G10)),MOD(B11-G10,1),"")
H12: =IF(ISBLANK(A12),"",COUNT(C12:F12)) | I12: =IF(AND(ISNUMBER(B12),ISNUMBER(G11)),MOD(B12-G11,1),"")
H13: =IF(ISBLANK(A13),"",COUNT(C13:F13)) | I13: =IF(AND(ISNUMBER(B13),ISNUMBER(G12)),MOD(B13-G12,1),"")
H14: =IF(ISBLANK(A14),"",COUNT(C14:F14)) | I14: =IF(AND(ISNUMBER(B14),ISNUMBER(G13)),MOD(B14-G13,1),"")
H15: =IF(ISBLANK(A15),"",COUNT(C15:F15)) | I15: =IF(AND(ISNUMBER(B15),ISNUMBER(G14)),MOD(B15-G14,1),"")
H16: =IF(ISBLANK(A16),"",COUNT(C16:F16)) | I16: =IF(AND(ISNUMBER(B16),ISNUMBER(G15)),MOD(B16-G15,1),"")
H17: =IF(ISBLANK(A17),"",COUNT(C17:F17)) | I17: =IF(AND(ISNUMBER(B17),ISNUMBER(G16)),MOD(B17-G16,1),"")
H18: =IF(ISBLANK(A18),"",COUNT(C18:F18)) | I18: =IF(AND(ISNUMBER(B18),ISNUMBER(G17)),MOD(B18-G17,1),"")
H19: =IF(ISBLANK(A19),"",COUNT(C19:F19)) | I19: =IF(AND(ISNUMBER(B19),ISNUMBER(G18)),MOD(B19-G18,1),"")
H20: =IF(ISBLANK(A20),"",COUNT(C20:F20)) | I20: =IF(AND(ISNUMBER(B20),ISNUMBER(G19)),MOD(B20-G19,1),"")
H21: =IF(ISBLANK(A21),"",COUNT(C21:F21)) | I21: =IF(AND(ISNUMBER(B21),ISNUMBER(G20)),MOD(B21-G20,1),"")
H22: =IF(ISBLANK(A22),"",COUNT(C22:F22)) | I22: =IF(AND(ISNUMBER(B22),ISNUMBER(G21)),MOD(B22-G21,1),"")
... H110: =IF(ISBLANK(A110),"",COUNT(C110:F110)) | I110: =IF(AND(ISNUMBER(B110),ISNUMBER(G109)),MOD(B110-G109,1),"")

Sheet Paramètres
A1: Tranche d'âge | B1: Âge min (mois) | C1: Âge max (mois) | D1: Nb siestes | E1: Fenêtre éveil (min) | F1: Fenêtre avant coucher (min) | G1: Sommeil nuit (h) | H1: Sommeil jour total (h)
A2: 0-3 mois | B2: 0 | C2: 3 | D2: 4 | E2: 75 | F2: 60 | G2: 9 | H2: 7
A3: 3-4 mois | B3: 3 | C3: 4 | D3: 4 | E3: 90 | F3: 90 | G3: 10 | H3: 5
A4: 4-6 mois | B4: 4 | C4: 6 | D4: 3 | E4: 120 | F4: 120 | G4: 11 | H4: 3.5
A5: 6-9 mois | B5: 6 | C5: 9 | D5: 3 | E5: 165 | F5: 180 | G5: 11 | H5: 3
A6: 9-12 mois | B6: 9 | C6: 12 | D6: 2 | E6: 210 | F6: 240 | G6: 11 | H6: 2.5
A7: 12-18 mois | B7: 12 | C7: 18 | D7: 2 | E7: 270 | F7: 300 | G7: 11 | H7: 2.5
A8: 18-24 mois | B8: 18 | C8: 24 | D8: 1 | E8: 330 | F8: 330 | G8: 11 | H8: 2
A9: 2-3 ans | B9: 24 | C9: 36 | D9: 1 | E9: 360 | F9: 360 | G9: 11 | H9: 1.5
